{"cameraMode":{"drawMode":0,"name":"Shaded","section":"Shading Mode"},"sceneLighting":true,"audioPlay":false,"sceneViewState":{"m_AlwaysRefresh":false,"showFog":true,"showSkybox":true,"showFlares":true,"showImageEffects":true,"showParticleSystems":true,"showVisualEffectGraphs":true,"m_FxEnabled":true},"in2DMode":false,"pivot":{"x":3.6063780784606935,"y":2.2641420364379885,"z":2.090024471282959},"rotation":{"x":-0.09085016697645188,"y":0.897101640701294,"z":-0.21840433776378632,"w":-0.37316906452178957},"size":11.925186157226563,"orthographic":false}